Feature,Pearson_Corr,Pearson_PValue,Kendall_Tau,Kendall_PValue,Mutual_Info,ANOVA_F,ANOVA_PValue,Chi_Square,Chi_Square_PValue
length_of_stay,1.0,0.0,1.0,0.0,2.48867,1.083204858559609e+19,0.0,7035210.0,0.0
apr_severity_of_illness_code,0.36289,0.0,0.37017,0.0,0.1324,355647.01373,0.0,577616.71873,0.0
ccs_diagnosis_code,0.1145,0.0,-0.01511,0.0,0.20807,31154.54647,0.0,247248.10418,0.0
apr_mdc_code,0.10616,0.0,0.05143,0.0,0.13166,26729.2904,0.0,274304.51696,0.0
birth_weight,-0.10049,0.0,-0.12684,0.0,0.04771,23924.04813,0.0,0.0,1.0
apr_drg_code,0.07875,0.0,0.03771,0.0,0.28064,14634.0183,0.0,278237.16664,0.0
ccs_procedure_code,0.0438,0.0,0.02891,0.0,0.19254,4507.76704,0.0,22479.82527,0.0
